Station,Latitude,Longitude,Height
8503300,47.33203443,8.804703585,599.2698348
8503301,47.36708188,8.78477394,594.2020378
8503302,47.38511919,8.750262543,578.1909047
8503303,47.40881688,8.722701098,564.1588031
8503304,47.45283105,8.705567481,516.0657882
8503305,47.42580793,8.686659507,558.1516823
8503306,47.42019211,8.619253605,492.2315558
8503307,47.4385611,8.62619693,502.178932
8503308,47.44860441,8.583788847,494.1952389
8503309,47.44228379,8.570699184,487.223782
8503310,47.43082272,8.558830265,479.2639698
8503311,47.45406359,8.532743016,477.2313524
8503312,47.47020073,8.510602884,477.2126014
8503313,47.48746627,8.503293992,471.1765839
8503314,47.47832602,8.488689415,471.2136219
8503315,47.48241056,8.459420189,476.2318711
8503316,47.48997741,8.446839127,498.225186
8503317,47.49796765,8.411792584,508.239244
8503318,47.50590326,8.381048838,491.2492296
8503319,47.51119462,8.369606248,491.2470931
8503340,47.4299487,8.561767884,474.2632882
8507470,46.30147717,7.908356599,851.7264858
8507471,46.30671491,7.880999691,903.7401796
8507472,46.31209666,7.844343632,982.7626007
8507473,46.32260946,7.764542259,1128.814306
8507474,46.36774085,7.755014653,1267.71029
8507475,46.49552005,7.671262611,1226.470945
8507478,46.58877132,7.651595481,829.2557286
8507480,46.62522405,7.690061207,756.1268066
8507481,46.63792345,7.691138956,742.0938561
8507483,46.68638854,7.680097702,677.9828009
8507492,46.6905009,7.869004967,616.7889933
8507493,46.68262268,7.851440178,613.8258558
8507494,46.65975681,7.814734619,611.9189533
8507495,46.65510427,7.775013053,619.9692539
8503400,47.52393884,8.536185678,475.0534917
8503401,47.54855478,8.524033195,457.0038282
8503402,47.57237045,8.516531736,436.9516312
8503403,47.58126451,8.512817253,439.9330226
8503404,47.60378715,8.543421435,470.8470433
8503409,47.58830739,8.295563976,386.1258813
8503410,47.60074475,8.277307551,380.1123986
8503411,47.60938086,8.240138236,371.1266637
8501951,46.2062989,8.245193831,579.632884
8503420,47.62573359,8.566801775,494.7695259
8503421,47.65439867,8.57326839,484.6916698
8503423,47.68313253,8.624908253,443.5697739
8503424,47.6982799,8.632721304,450.5243758
132,47.19637109,7.689367086,48.692528
135,46.35688292,7.77384257,50.71916
136,46.43375137,7.717212485,50.58138748
137,47.07452512,8.320798709,48.386576
139,47.21732322,8.805060523,47.55538
140,46.6043229,8.591156393,49.295476
142,46.27633619,8.091195805,50.609692
8504007,46.50839257,6.785642309,708.29095
174,46.68076784,8.765599203,48.93175488
175,47.40113099,7.904324277,47.97191264
176,47.372467,8.518661937,47.44886564
8503501,47.57526112,8.256343919,373.1964148
8503502,47.5206857,8.240660735,398.3481528
8503503,47.49175155,8.253441917,389.4082096
8503504,47.47641723,8.307692859,432.3940665
8503505,47.45963376,8.315986463,435.4280146
8503506,47.43332515,8.354194174,440.4567605
8503508,47.40577467,8.404968635,435.4763286
8503509,47.39917122,8.447228035,440.4517334
8503511,47.45065745,8.331233683,440.4356864
8503512,47.39887129,8.420422555,436.4785589
8503525,47.45580976,8.402097069,474.3540412
8503526,47.43655972,8.472063703,489.3341435
8503527,47.4533944,8.435577401,487.3275541
8503528,47.4549319,8.387506889,474.3704016
8503529,47.44575548,8.35764306,467.4223297
8515993,47.18312915,8.517043931,475.9233334
8515994,47.15657362,8.512275697,479.9943245
8516013,45.83764849,8.906865239,433.8907464
8502004,47.21754862,7.979019131,520.3603646
8502009,47.11604792,8.19596906,562.4043261
8014586,47.65875632,9.177301238,445.090337
8502025,47.18567986,8.280211051,517.1480923
8516154,46.9438671,7.374686317,607.6294614
8516155,46.18891516,6.125311223,436.7265598
8516161,46.96781801,7.465469415,598.4821378
8516176,47.58208651,8.24881885,368.1865992
8508001,47.01893364,7.49892905,575.3214228
8508003,47.04955501,7.545405743,565.1998003
8508004,47.06375514,7.581318189,566.1296136
8508005,47.06069355,7.621693931,582.0985185
8508006,47.10516258,7.663501613,576.946564
8508008,47.18807907,7.700952427,513.7022336
8507496,46.67375566,7.697906135,652.9972727
8516219,47.42806866,8.276339335,448.5454007
8508080,47.0396142,7.629635103,596.143868
8508081,47.05227956,7.618296035,593.1229352
8508083,47.06538266,7.608216742,574.0996834
8508084,47.08349163,7.580146038,558.0811132
8508085,47.09549648,7.559511691,546.0707261
8508086,47.1294763,7.553657442,522.9908848
8508087,47.15210503,7.555973935,511.9317554
8508088,47.1697431,7.565192653,500.8785661
8508089,47.18062552,7.566352933,494.8500881
8516283,46.2224521,6.144541858,442.6232442
8504000,46.51467641,6.657982142,524.3964762
8504003,46.50974406,6.699318157,575.3696806
8508100,47.21729777,7.784714366,520.5483244
8508101,47.25162599,7.814910285,480.4330918
8508102,47.26537544,7.832105357,462.382035
8508103,47.3064449,7.879391731,455.2334628
8504010,46.51308701,6.67831957,552.3811797
8504011,46.49694813,6.72264088,616.3798694
8504012,46.49383766,6.765679944,669.3467668
8504014,46.54275695,6.837872993,720.1543108
8504016,46.55724349,6.828335833,685.126784
8504017,46.57053268,6.815481025,653.105436
8504018,46.61042299,6.811053041,636.0088127
8504023,46.69350555,6.911814307,757.7029596
8504024,46.72058165,6.960640113,756.5880687
8504025,46.74920349,7.000433093,772.4778798
8504026,46.75121028,7.034797859,762.4400478
8504027,46.76604791,7.065032033,736.3737567
8504028,46.78262562,7.061970734,717.3348435
8504029,46.78893163,7.096331663,693.2861444
8504030,46.78982654,7.116390406,689.2647356
8504104,46.90461863,7.357027731,634.7452145
8508201,46.88227807,7.580837024,693.5863756
8500010,47.54740338,7.589563501,324.905603
8516353,47.18060383,8.280579793,526.1604328
8516354,47.06517885,8.071109042,649.6530751
8508204,46.90003614,7.698051839,755.4286707
8508174,47.18157132,7.793269737,560.629791
8508181,47.20535713,7.780215579,531.582634
8508182,47.18946574,7.788387229,550.6146708
8508183,47.16666845,7.795650566,582.664914
8508184,47.15460406,7.790533025,593.7001328
8508185,47.14630042,7.790966274,606.7205633
8508186,47.13713423,7.813829198,632.7215409
8508187,47.11459382,7.842725149,686.7502447
8504100,46.80326823,7.151025376,660.1977479
8504101,46.85104382,7.189751354,646.0402734
8504102,46.86293135,7.253918599,656.9489581
8504103,46.88848424,7.319566105,601.8217383
8508200,46.91521957,7.564843157,656.5189482
8504105,46.92549982,7.376454428,617.6740165
8504106,46.93748113,7.395233521,611.625852
8508203,46.89974161,7.662879202,729.4633669
8504108,46.94420416,7.406116495,600.5984946
8508205,46.91962556,7.725453534,733.3529943
8508206,46.94814686,7.74729235,699.2602644
8508207,46.93923517,7.784185107,722.2469852
8508208,46.92168858,7.846133302,781.2310749
8504113,46.87185876,7.280646147,647.9008858
8508210,46.91534113,7.936363401,902.1595029
8504115,46.89355963,7.351861307,624.778016
8500020,47.53357923,7.647889884,328.8847973
8508213,46.99368668,8.062352564,732.8407162
8500022,47.50145544,7.719100675,358.8975575
8500023,47.48445344,7.731363426,374.9285486
8500024,47.47019435,7.759829736,391.9371367
8500025,47.467264,7.787214569,406.918282
8500026,47.46274354,7.812025553,423.9058663
8500027,47.46587898,7.84765939,450.8638396
8500028,47.44575481,7.887611179,492.8760081
8504125,46.86850766,7.011384323,489.1662652
8504126,46.88459899,7.04092091,488.0975454
8500021,47.52265619,7.69081226,337.8713049
8500032,47.43900883,7.851469841,497.9276249
8500033,47.42536792,7.850529211,527.9627636
8500034,47.40898106,7.847792509,568.0065185
8500035,47.39212253,7.856219369,607.0407383
8504132,46.84450132,6.842962626,513.3868382
8504133,46.81602767,6.889165862,519.4149573
8504134,46.8196425,6.93988198,502.3576448
8504135,46.82884717,6.957189087,501.317945
8504136,46.81860395,6.977486995,534.3245066
8504137,46.82845169,7.011623413,601.2671568
8504138,46.83197031,7.066055869,662.206427
8504139,46.81691881,7.106230415,663.2060898
8504140,46.93797297,7.133258085,483.8749555
8504141,46.73500047,6.870103666,526.6378014
8504144,46.78214736,6.662319546,485.7155115
8504120,46.66805689,6.80250369,560.8712428
8504121,46.70777161,6.842143644,489.7331864
8508250,46.7626481,7.619229299,606.8500709
8508251,46.7729095,7.615021635,612.8283437
8508252,46.78158121,7.609026401,600.8123374
8504122,46.75883996,6.894290584,519.5545755
8508254,46.81831603,7.61068882,626.7183888
8508255,46.83953386,7.618045146,653.6579528
8508256,46.87094685,7.622950508,703.5742597
8508219,47.0530566,8.257097714,504.5024388
8508260,46.90403928,7.634600434,792.4798464
8508261,46.92447129,7.62702034,788.4357994
8508262,46.94766495,7.618997176,740.3852304
8508263,46.96560308,7.623590569,724.3357166
8508264,46.99449116,7.656832954,655.2310964
8504124,46.8544016,6.985362691,492.2266275
8508266,47.00492732,7.682740027,631.179914
8508267,46.99676094,7.710207074,649.1739534
8508268,46.97608572,7.740684607,674.1964788
8508269,46.96593438,7.749181546,682.2137689
8508271,47.00842101,7.72407374,673.1312914
8508272,47.02541578,7.737068538,712.0760733
8500090,47.56814549,7.607296273,310.8365693
8500031,47.44955334,7.837708955,467.9143584
8504191,46.88990473,7.310522495,581.8268199
8504192,46.89413808,7.299857206,573.826365
8504128,46.92539348,7.115380966,502.9237172
8504194,46.90260097,7.238020136,538.8641804
8500100,47.21984049,7.201646381,803.0991108
8500101,47.23522658,7.227422193,777.0358514
8500102,47.23870527,7.275943344,746.9809884
8500103,47.23923823,7.305776088,729.9512798
8500104,47.2405876,7.34210578,714.9133118
8500105,47.28066651,7.381050283,577.7753007
8500109,47.36200149,7.350066708,461.5999303
8504206,46.92969324,6.811685523,539.2011133
8504208,46.95944983,6.83505335,541.1037941
8500113,47.41933799,7.502641973,403.310481
8500114,47.43379081,7.530468537,395.2476184
8500115,47.44128966,7.591993839,370.1701142
8500116,47.45343391,7.603458936,364.1286437
8500117,47.467735,7.603065504,347.0930619
8500118,47.48860735,7.611117784,342.0329066
8500119,47.51338479,7.617596637,320.9644376
8500120,47.34282342,7.317943528,485.6787488
8500121,47.33507514,7.291169082,499.723689
8500122,47.336683,7.246853981,526.7616753
8500123,47.33520242,7.20931068,553.8009886
8500124,47.36769488,7.165959732,540.7600903
8500125,47.40522104,7.124208517,536.7048907
8500126,47.42091356,7.080092711,471.7069242
8500037,47.36604394,7.904282741,483.0599793
8500128,47.49262557,7.016564199,421.5857347
8504225,47.05662901,7.066338021,486.639229
8504226,47.0628267,7.095228531,483.5961616
8504227,47.08376267,7.135153575,483.5054208
8504228,47.09365762,7.156500585,483.4601776
8504229,47.11499668,7.197313885,484.3675664
8500135,47.23884337,7.254164907,761.0013357
8500136,47.53786108,7.608953336,331.911135
8504234,46.96710864,6.812260704,735.1059833
8504236,47.01509061,6.853222059,899.9459867
8500141,47.43976568,7.05765474,454.6804954
8500143,47.46991827,7.048114216,439.6133734
8500144,47.47932646,7.029976068,288.6066946
8500159,47.19180338,7.389472058,515.9910333
8504284,46.93109917,6.654364202,779.3460717
8504285,46.92335934,6.635674979,784.3832684
8504286,46.9118623,6.610340487,785.4362313
8504287,46.90486788,6.581585128,792.4810092
8504288,46.88849155,6.553870759,819.5485565
8500200,47.17143462,7.340199197,485.0893085
8500201,47.17942352,7.366555541,488.0440621
8500202,47.18876654,7.39818316,488.9903696
8500203,47.19494358,7.428370786,489.9460098
8500204,47.20061831,7.456638384,487.9047347
8500205,47.20890103,7.507867959,491.8349374
8500206,47.20670731,7.531953007,481.8174213
8500207,47.20417959,7.542691951,480.8135041
8500208,47.21714182,7.58352278,478.74182
8500209,47.21821622,7.618906259,477.705222
8500210,47.23194964,7.656230584,471.6349225
8500211,47.27039441,7.694815281,516.5013146
8500212,47.28502119,7.709861715,510.4501356
8500213,47.30524087,7.77171719,490.3399913
8500214,47.31485516,7.798955996,483.2896924
8500215,47.33025796,7.843815553,476.207922
8500216,47.3413944,7.868353481,465.1563825
8500217,47.34854898,7.897711501,451.110193
8500218,47.35192679,7.907693288,444.0921146
8504315,47.09864988,6.826029969,1043.760459
8500220,47.11865972,7.33775296,483.2245692
8500221,47.13814914,7.371237948,492.1435344
8504301,47.16944532,7.257530002,604.1730397
8500260,47.27255741,7.45663619,747.7236852
8500261,47.21793749,7.513015082,518.8072828
8500262,47.218578,7.469502948,603.8472502
8500263,47.23090807,7.47501647,664.8109566
8500264,47.2359826,7.493772533,703.780273
8500265,47.26545905,7.465196047,767.7333834
8500266,47.28561828,7.450361883,693.6967969
8500267,47.28557386,7.435319424,672.7112489
8500268,47.28371088,7.422313165,649.7283338
8508253,46.79088692,7.606030397,601.7918382
8506206,47.46240863,9.040979152,616.7128276
8506208,47.43644192,9.130968253,610.6886921
8500292,47.30347652,7.694762412,532.4182462
8500293,47.30854576,7.688227583,534.4117722
8500294,47.31288664,7.693921466,540.395409
8506209,47.41518974,9.189763314,657.6834355
8500300,47.53848905,7.724130366,321.799717
8506210,47.41182991,9.253030199,684.6291819
8500302,47.5618477,7.833861618,355.6361684
8500303,47.54761524,7.909618986,357.5993245
8504400,46.97506861,7.19280393,492.7246582
8504401,46.99912235,7.206038902,490.6513977
8504402,47.0255155,7.235192908,494.5570728
8504403,47.04015763,7.261176893,498.4953927
8504404,47.04453698,7.278690161,498.4676517
8500309,47.48084984,8.208828776,399.4786291
8500313,47.5458645,7.768030902,332.7392526
8504410,47.00182024,7.462909306,609.3990282
8504411,47.02136838,7.451948324,603.3603398
8504412,47.04184785,7.386004086,568.3719171
8504413,47.05877233,7.338997563,525.3742227
8504414,47.07631556,7.306298243,493.3612448
8504415,47.0986726,7.318624959,486.293163
8504416,47.12362922,7.278216823,485.268805
8500322,47.5597614,8.061276494,365.4232337
8504419,47.14471409,7.272484723,492.2211322
8516444,46.98977147,7.199283132,487.6814122
8500329,47.60033275,8.227023454,368.1619636
8508265,47.01601882,7.655631562,620.1781537
8504441,47.11042812,7.301747628,485.2796426
8504480,47.01209685,6.984688701,481.8290957
8504481,47.00910205,7.010594152,499.812087
8504482,47.00936288,7.056447874,482.7679018
8504483,46.99982855,7.099562713,487.7509874
8504484,46.99331779,7.14243513,485.7266223
8504485,46.95405474,7.218871602,543.7527708
8504486,46.94217378,7.234405084,543.7678908
8504487,46.93433427,7.296864404,629.7279589
8504488,46.94114766,7.334054066,617.6752152
8504489,46.94582648,7.389749579,604.6100963
8504490,47.00927381,7.030581531,485.792686
8504495,46.94635251,7.40117647,600.5978212
8508292,47.12854934,7.905724383,661.6543916
8508293,47.13673839,7.926530845,636.613743
8508294,47.14020411,7.970579578,593.5624571
8508295,47.12255612,7.99706433,603.58107
8504200,46.78188459,6.641147909,485.73618
8508297,47.0834305,8.040930516,644.6366268
8504205,46.89907138,6.781030866,501.3075235
8504209,46.96764466,6.848877072,540.0700068
8504215,46.94241261,6.676567331,798.2965177
8504216,46.95492052,6.721806618,778.2222144
8504217,46.95990946,6.774991376,699.1593964
8504218,46.96896289,6.837692903,594.0772529
8504219,46.9796363,6.877713475,542.0124195
8504220,46.98395974,6.903365687,524.9772136
8504221,46.99672658,6.935712804,528.9143277
8504222,47.01456934,6.982116338,513.8252914
8500127,47.45586677,7.055391319,445.6419884
8504224,47.05194248,7.039535423,485.6764894
8504231,46.9855232,6.899156913,559.9772484
8504232,46.98334508,6.883813127,580.9972756
8517131,47.53057271,7.70987902,319.8332127
8504237,47.04717635,6.874677972,1003.844623
8509000,46.8530778,9.528925818,632.7401959
8509002,46.96743761,9.554029855,570.4315149
8509004,47.01030528,9.505217046,549.3742707
8506302,47.42318012,9.369875449,716.4851648
8505000,47.05016528,8.310171853,484.4578791
8505001,47.05013777,8.383045133,520.3867318
8505002,47.08358966,8.433494491,505.253766
8505003,47.09160949,8.462660459,508.2051794
8505004,47.04915186,8.549491215,558.2260992
8505005,47.04765903,8.607435149,515.1729055
8505006,47.02638998,8.632139333,503.2016887
8505007,46.99917047,8.610048105,487.2913518
8505011,47.06765157,8.409039746,513.3175258
8505018,47.04503828,8.374124965,518.4082044
8506314,47.45321483,9.638253083,448.1436354
8506317,47.41038781,9.62724544,452.2607047
8517336,47.05392339,8.33728106,487.4220018
8502223,47.29877903,8.445953367,544.7038488
8501000,46.22127952,6.065722802,481.7005013
8501001,46.17867965,5.999976927,408.8706449
8501002,46.18779095,6.017535385,429.8309642
8501003,46.2142394,6.037491237,466.7449647
8501006,46.22235033,6.076895142,486.6872604
8501007,46.22072722,6.093876755,480.6753881
8501008,46.21021933,6.142435012,443.6562977
8501011,46.24996011,6.147324588,441.5507627
8501012,46.26377593,6.161304711,438.5024974
8501013,46.28740774,6.162657486,445.4412152
8501014,46.29989183,6.16955574,446.4030142
8505111,46.94924898,8.62073062,494.4054198
8505112,46.90172086,8.624292961,484.5205138
8505113,46.87573587,8.631565613,495.5781822
8505114,46.82033549,8.650442714,520.6977728
8501020,46.24239378,6.147322515,441.5699793
8501021,46.25674711,6.15394697,437.5272834
8501022,46.2797321,6.165731071,440.4578078
8505119,46.66581096,8.588796275,1155.14434
8501026,46.2325469,6.111968567,476.6283157
8501030,46.38442063,6.235963025,458.1258466
8501031,46.41998927,6.269128063,467.004325
8501033,46.4627483,6.336399816,453.8324163
8501035,46.47575103,6.399696189,473.7396951
8501036,46.48231465,6.455897136,446.6699408
8501037,46.51110167,6.493957809,432.5609992
8501042,46.47517097,6.427131303,457.7152424
8501045,46.52912949,6.540502766,448.4712825
8501047,46.5181989,6.508038925,431.5296966
8501048,46.52313244,6.519540651,438.5063148
8501103,46.71241001,6.370564673,858.1671235
8501104,46.71729254,6.400513584,838.1265896
8505201,46.52752104,8.608604682,1191.469854
8505202,46.51061146,8.69015102,1038.431018
8501107,46.69807595,6.518902831,604.0637794
8505204,46.48307175,8.790701641,804.3995317
8505205,46.44089311,8.839742849,664.4556764
8501110,46.74641779,6.607659337,490.8575856
8505207,46.38025336,8.906558534,380.5398658
8501112,46.71008538,6.568160203,497.9868753
8505209,46.35197897,8.974166439,342.5424582
8501114,46.65719314,6.552419282,506.1356835
8501115,46.6060118,6.523679675,479.2924681
8505212,46.22525442,9.041399201,290.7901668
8505213,46.19543404,9.029508932,290.8763359
8505214,46.17381562,9.003584127,279.9562532
8505216,46.12397663,8.925282385,522.1591843
8505217,46.09427863,8.92858606,467.229799
8505218,46.05668388,8.930326316,385.3216472
8505219,46.03971864,8.932124106,369.3620733
8501124,46.48855616,6.727140992,442.3968142
8501125,46.48932424,6.74515705,434.3777231
8501126,46.47420196,6.78458273,428.3784058
8501127,46.47259068,6.797023792,427.370619
8504300,47.13289328,7.242917571,486.2790676
8517519,47.05392339,8.33728106,487.4220018
8504302,47.18972956,7.247024355,645.1319078
8517527,47.16231264,8.515186919,478.9771411
8504303,47.18948467,7.225399228,657.15308
8504304,47.19514051,7.168765645,702.1925991
8504305,47.19339049,7.144666037,709.2198756
8771500,46.90061085,6.353321396,887.7060526
8504306,47.18933133,7.107307867,726.265533
8504307,47.17562287,7.068808147,750.336597
8504308,47.17293928,7.054132284,759.357267
8504309,47.16019918,7.019685583,812.4220303
8504310,47.15170222,7.001226458,842.460947
8504311,47.14133133,6.969355677,885.5172763
8501200,46.46300188,6.843443089,437.350569
8504312,47.125717,6.925381832,956.5982761
8501202,46.44788037,6.877108463,447.3566246
8501203,46.44273555,6.895770716,451.3517831
8505300,46.00550431,8.946876731,385.4323662
8505301,45.98894882,8.946278299,353.474185
8505302,45.95572209,8.948355817,324.5548034
8505303,45.9324425,8.973940364,330.5868844
8505304,45.90284663,8.978897392,324.6555314
8505305,45.86912112,8.97860684,379.7397662
8505306,45.8467581,9.00503996,320.7686358
8505307,45.83218041,9.031446029,288.778126
8509404,47.16840859,9.478631089,494.008886
8504314,47.09864988,6.826029969,1043.760459
8509411,47.04536216,9.445396654,529.347289
8509414,47.11986952,9.312972117,473.2946953
8504316,47.05786138,6.746163974,995.9388741
8504201,46.80627793,6.641939788,486.6736942
8501300,46.43587789,6.910425358,446.3550913
8501301,46.42638075,6.922694531,437.3673414
8501302,46.41761517,6.92785067,431.3845466
8501303,46.39836925,6.92699151,426.4339816
8505400,46.17242371,8.801359587,255.1630619
8505401,46.17746474,8.850222359,253.1014528
8505402,46.17904184,8.865766784,253.0819105
8505404,46.15262216,8.941689104,258.071347
8505405,46.15129949,8.887319965,252.1293458
8505406,46.14531908,8.850179969,265.1815769
8505407,46.13516175,8.807054815,261.2502044
8505408,46.11699422,8.776533404,270.3261252
8505410,46.12204013,8.784963496,272.305086
8505412,46.17550918,8.885321325,247.0710599
8505415,46.16043889,8.973924747,265.0194263
8718444,47.5060006,7.009463083,414.5586413
8501400,46.31684705,6.963669761,455.6047012
8501402,46.31684705,6.963669761,455.6047012
8501403,46.21636619,7.002036406,473.8215231
8501500,46.10582939,7.079107584,519.026176
8501506,46.22754407,7.359182782,542.4481732
8501509,46.29211215,7.532823955,585.1169518
8503004,47.35012043,8.561371159,455.462996
8501601,46.31188153,7.643942522,673.9590087
8501605,46.29402013,7.881454511,701.7715829
8501609,46.3194159,7.988088816,728.6032107
8501201,46.45544752,6.859523118,441.354305
8301003,46.11528784,8.296238249,320.809952
8500301,47.55120772,7.792162093,332.702767
8500304,47.53303336,7.989781551,376.5589614
8500305,47.50734106,8.013076404,407.6009845
8505861,46.04498171,8.734395514,268.547956
8505862,46.10525784,8.734532831,270.397528
8505874,46.02314119,8.755833018,263.580872
8301113,45.99547527,8.735791583,50.66999124
8500320,47.54159426,7.948827985,358.5768175
8014474,47.62136642,8.219527095,390.1165406
8501015,46.30765001,6.181110638,444.3724251
8506000,47.5003316,8.723795038,485.9294995
8506001,47.49874882,8.751033318,498.9068214
8506002,47.48743313,8.766784983,514.9196289
8301203,45.85810111,8.862603372,422.88456
8014487,47.71700316,8.664116606,501.4471418
8506016,47.50791671,8.760366564,503.874836
8506020,47.53576603,8.738863805,501.8264084
8506036,47.52965271,8.752128115,500.8286927
8506038,47.5167173,8.760864108,504.8524068
8501023,46.3173958,6.187818971,446.3413587
8506047,47.59375726,8.677974157,448.7411673
8501952,46.20700545,8.20704504,680.6688816
8504223,47.03856332,7.023372067,484.7255928
8014558,47.75843803,8.840368769,474.1722467
8502000,47.32026389,7.908208729,460.1710514
8502001,47.28804172,7.943101773,480.218257
8502002,47.26265979,7.95702646,492.2684814
8502003,47.24145964,7.968760675,506.3103177
8506100,47.55815914,8.896533021,451.6163433
8502005,47.1923702,7.977445289,535.4250166
8502006,47.18384782,8.019011519,554.4061804
8502007,47.17078509,8.097880441,552.3625156
8506105,47.56622462,9.106340088,475.3902368
8502010,47.18007327,8.074564552,564.3618457
8301307,45.80896854,9.072725941,266.7939543
8506109,47.55044882,9.30221279,483.2362281
8502017,47.10788905,8.319687902,470.3042145
8502019,47.22968529,8.2423047,514.0748464
8502021,47.08818613,8.249178711,570.4222546
8502022,47.08818613,8.249178711,570.4222546
8502023,47.08818613,8.249178711,570.4222546
8502024,47.16697031,8.288688138,530.186646
8506121,47.56552933,9.379358143,445.1224648
8502026,47.2135507,8.264808047,517.0933452
8502027,47.22266413,8.251982981,518.0830105
8502028,47.07830883,8.276800665,482.4200418
8502029,47.24428358,8.224150705,506.0559452
8502030,47.34613669,8.158792197,493.8643118
8502031,47.32863257,8.175939709,518.8915412
8502032,47.31503105,8.184547319,529.917258
8502033,47.28784409,8.198999972,568.9713125
8502034,47.26721534,8.202221463,567.0198291
8506131,47.65255553,9.169056757,449.1138633
8502042,47.16465072,8.298213535,545.183171
8518452,46.52669743,6.602623677,481.4185814
8518459,47.18788984,8.479691179,463.947976
8518475,45.87765241,8.983032845,379.71405
8502100,47.32174989,7.983513143,520.0947589
8502101,47.33728888,8.026449219,476.0143805
8502102,47.35647762,8.048381408,462.9451184
8502103,47.37162953,8.082277161,444.874425
8502104,47.38828047,8.125681041,447.7907833
8502105,47.40742371,8.214789892,466.6566708
8502106,47.414499,8.235140481,463.6192608
8502110,47.35426317,7.946494171,442.0489027
8502111,47.35638344,7.978757687,429.0125038
8502112,47.37141919,8.000160059,426.9541777
8502113,47.3913523,8.051257057,430.8549417
8502114,47.40328487,8.126947526,421.7519765
8502115,47.41527024,8.162999458,401.6871206
8502116,47.45177223,8.16693031,399.5919162
8502119,47.39119021,8.170380962,453.7402815
8502120,47.30196261,7.941699446,482.1846946
8502121,47.31991918,7.963190781,515.1189449
8502122,47.32467072,8.019074342,492.0531272
8502128,47.4286315,8.166600749,412.6501815
8502202,47.14175455,8.430474937,477.1113623
8502204,47.17823842,8.457484287,465.9937962
8502205,47.09867856,8.516925311,497.1343658
8502206,47.1953588,8.523255675,491.886712
8502208,47.25874363,8.589801845,531.6633291
8502209,47.27672062,8.577632532,507.6303587
8502211,47.38942098,8.207375655,466.7089133
8502212,47.37363922,8.234689142,470.7219631
8502213,47.34845844,8.269782334,470.7509532
8502214,47.30517106,8.315273538,493.8150726
8502215,47.27665654,8.339798998,506.8625393
8502216,47.24683983,8.365596786,505.9119836
8502217,47.22501057,8.388510823,492.944229
8502218,47.18830432,8.397808452,454.0269187
8502219,47.1659194,8.404767241,451.0760804
8502220,47.39087845,8.434713013,489.4846349
8502221,47.35742853,8.437543333,535.5654766
8502222,47.32589239,8.468174693,575.6144372
8506319,47.3742309,9.556512173,476.4208731
8502224,47.2760605,8.446582343,541.7600068
8502225,47.24406825,8.457365398,507.8294271
8502226,47.22025535,8.466708625,483.8798022
8502227,47.194576,8.478422406,471.9325127
8502229,47.3809677,8.430329808,503.513669
8502231,47.14767186,8.509921573,479.0188624
8502237,47.44517275,8.214968731,451.5620036
8502247,47.43583634,8.217656268,455.5827748
8502300,47.16826957,8.516916001,474.9605709
8518749,47.07303883,7.296629351,491.3787241
8518771,47.15838908,7.294596365,493.1656193
8503147,47.39720933,8.596130927,497.3114979
8501105,46.71505586,6.474731519,724.0624024
8501106,46.69671424,6.478118589,693.1056849
8501108,46.65878639,6.517363564,536.164755
8501111,46.72766831,6.580658121,488.9305529
8501113,46.68768044,6.559331205,492.0519482
8501116,46.57624613,6.530758155,457.3611693
8501117,46.54758845,6.551814291,458.413825
8501118,46.53703727,6.578933379,467.4148583
8501120,46.51678631,6.629087153,498.4185668
8501121,46.51092618,6.659456446,473.4045664
8518924,47.67964664,8.617452006,448.5857197
8501122,46.50378567,6.690605414,453.3930374
8501123,46.49533898,6.707278262,438.3985535
8518963,47.20887408,7.521436882,491.8220299
8508202,46.88069135,7.621357138,712.551303
8503200,47.32442419,8.547998123,471.5402174
8503201,47.30712911,8.555150584,480.5764162
8503202,47.29597142,8.564754697,482.594889
8503203,47.27967207,8.578448915,471.6221919
8519133,46.81470346,7.155432422,659.1646985
8504117,46.91456197,7.362197866,625.7152203
8503230,47.03991709,9.07155129,519.7336073
8507000,46.94882331,7.439123236,589.5552164
8507002,46.95679405,7.481491611,607.4944998
8507003,46.93431251,7.505505191,611.5279965
8507005,46.89916482,7.545369739,598.5780664
8507006,46.87334332,7.559432534,580.629463
8507007,46.8416064,7.568852533,579.7001919
8507008,46.81893928,7.57549382,588.7507834
8507009,46.7943011,7.582621994,594.8058544
8508211,46.95063876,8.015140106,765.9944881
8508212,46.97814427,8.046965528,743.8946201
8507070,46.77491885,7.572842014,603.864028
8507071,46.78684441,7.540288718,627.8654467
8507072,46.78943247,7.521224834,616.8773173
8507073,46.81355423,7.513871976,599.8237258
8507074,46.837885,7.501859293,584.7740867
8507075,46.85846942,7.496034859,577.727906
8507076,46.88888125,7.498638994,572.6488905
8507077,46.90881655,7.472357247,619.6239933
8507078,46.92865581,7.445885304,609.5994863
8507079,46.93577094,7.43002242,599.5967989
8507082,46.94343994,7.40746978,600.5991212
8507083,46.92487563,7.415161391,621.6384791
8507084,46.91001176,7.401188655,677.6892994
8507085,46.90093537,7.400696269,699.712622
8507086,46.8864481,7.38811101,705.7611684
8507087,46.87652463,7.367997518,718.805446
8507088,46.84183282,7.347133499,790.9128202
8507089,46.81918795,7.342834566,841.9739757
8507091,46.93033649,7.419203353,612.6208558
8507092,46.89516273,7.493095219,574.6384176
8507093,46.91583452,7.46611298,616.6123317
8507094,46.77311872,7.59488569,603.8472697
8507095,46.86280314,7.362363163,694.8454026
8503000,47.37817357,8.540190876,455.413617
8503001,47.39147778,8.488939202,446.4303463
8503003,47.36660752,8.548465178,458.4344264
8507100,46.75485015,7.629595308,609.8596501
8503006,47.41152602,8.544113562,489.3265029
8503007,47.41874408,8.544634397,489.3079702
8503008,47.42090943,8.508564213,503.3377092
8503009,47.34743678,8.53358724,456.4968189
8503010,47.36409528,8.530804803,456.4579312
8503011,47.37146855,8.523461423,452.4466791
8503015,47.39302835,8.529357668,472.387084
8503016,47.45037941,8.562384439,477.2116737
8503020,47.38519166,8.517105233,462.4186015
8504123,46.83525601,6.960290838,498.2988114
8508215,47.05547898,8.079747448,613.6689888
8508216,47.05701759,8.101852472,601.6436576
8503100,47.33732862,8.569716423,462.4867837
8503101,47.31914964,8.580614774,462.5215197
8503102,47.30578211,8.59150382,466.544244
8503103,47.28182003,8.612718528,470.5832992
8503104,47.26980897,8.644291971,467.5823552
8503105,47.25902621,8.678773616,461.5754595
8503106,47.25341914,8.692331257,466.5761484
8503107,47.24052056,8.72163008,461.5795625
8503108,47.23585343,8.752609542,473.5607693
8503109,47.23919457,8.783481531,473.5220937
8503110,47.22488483,8.816729339,456.5250508
8503111,47.29719751,8.598974427,567.5583661
8503112,47.23839006,8.814290516,459.4937946
8503113,47.22366647,8.842382063,461.5028304
8503115,47.2251534,8.943366102,455.3995655
8503116,47.22427315,8.980674109,457.3649188
8508217,47.03796169,8.143248356,566.6511314
8503118,47.20445403,9.008629956,463.3866153
8503119,47.15765197,9.043963538,467.4681002
8503120,47.23096696,8.834596735,480.4923062
8503121,47.26047948,8.854066226,529.3996067
8503122,47.27083691,8.822699425,556.4046633
8503123,47.31803059,8.79226755,579.3169513
8503124,47.33595382,8.765608158,553.2984396
8503125,47.35036381,8.718686499,511.3085132
8503126,47.36935584,8.686397609,496.292763
8503127,47.38437756,8.658657474,490.2824259
8503128,47.40007232,8.6234051,487.2777161
8503129,47.41271424,8.591909248,478.2769141
8503130,47.30004843,8.83969597,612.3151577
8503141,47.32685076,8.575950604,464.506852
8508218,47.03857217,8.181954225,544.611924
8504127,46.90823395,7.074597461,484.0058464
8507281,46.57977247,7.383126795,960.5381016
8507284,46.64748467,7.417633088,864.3343608
8507286,46.65750219,7.524629054,762.2058779
8507287,46.6664799,7.605579611,694.1050124
8507288,46.68391661,7.642271855,676.0256598
8507290,46.55308748,7.375317413,992.6128245
8507291,46.60352519,7.374370858,893.4867388
8507292,46.62737128,7.390246447,867.411396
8507293,46.65605031,7.435371137,887.2956967
8507294,46.65930964,7.475938172,832.2483554
8507295,46.65886082,7.495417814,808.2306782
8507296,46.65898536,7.556092087,731.1717336
8507297,46.65998455,7.579324382,720.1467498
8507298,46.67558966,7.635483735,679.0531613
8507299,46.69117886,7.65058745,674.9993556
8503204,47.26147911,8.596903777,456.6495496
8503205,47.24681319,8.643707141,457.6403087
8503206,47.22929777,8.67519183,455.6531347
8503207,47.20836436,8.707459517,455.6736744
8503208,47.20097583,8.72716233,458.6727429
8503209,47.20299428,8.778109648,459.6176143
8503210,47.20730427,8.756198379,457.6284205
8503211,47.19396331,8.822887931,459.5960431
8503220,47.19006558,8.852691322,464.576389
8503221,47.18266463,8.900697888,480.5474771
8506311,47.47800081,9.505130681,445.2148037
8503225,47.13614917,9.06003653,472.505667
8503226,47.13614917,9.06003653,472.505667
8503227,47.13614917,9.06003653,472.505667
8503228,47.13614917,9.06003653,472.505667
8504129,46.95086964,7.153204228,486.8234232
8503231,47.03295411,9.077181925,525.7453325
8503232,47.01012518,9.08119373,550.7981236
8503233,46.99684508,9.077447136,568.8348764
8503234,46.98589321,9.059258485,587.8801967
8503235,46.97573827,9.046924333,601.9177164
8503236,46.96506159,9.039008331,615.9521446
8503237,46.94617344,9.024362092,645.0136938
8503238,46.93454366,9.013025096,673.0538984
8503239,46.92556625,8.997777907,696.0913905
8503240,46.92839016,9.002482717,685.0796878
8504130,46.80086992,6.746689097,484.5883474
8504131,46.81694486,6.78639693,486.5100988
